{
  "project_info": {
    "project_number": "726859166683",
    "firebase_url": "https://realtimetictactoe-6e7e1.firebaseio.com",
    "project_id": "realtimetictactoe-6e7e1",
    "storage_bucket": "realtimetictactoe-6e7e1.appspot.com"
  },
  "client": [
    {
      "client_info": {
        "mobilesdk_app_id": "1:726859166683:android:0d56f43fd8dd61b6",
        "android_client_info": {
          "package_name": "com.apps.kunalfarmah.realtimetictactoe"
        }
      },
      "oauth_client": [
        {
          "client_id": "726859166683-6it0r85p3pv55tqkeabcrgtrbccv7p60.apps.googleusercontent.com",
          "client_type": 1,
          "android_info": {
            "package_name": "com.apps.kunalfarmah.realtimetictactoe",
            "certificate_hash": "48dfbe5b51d0f447ea06a66f88be0408cbac35c1"
          }
        },
        {
          "client_id": "726859166683-g7btga7lv53m66rt4dtk4iuo9p4698un.apps.googleusercontent.com",
          "client_type": 1,
          "android_info": {
            "package_name": "com.apps.kunalfarmah.realtimetictactoe",
            "certificate_hash": "e0ebae29900b96f1df615a3f86323485ce28319f"
          }
        },
        {
          "client_id": "726859166683-o9lmin9vo9kk9ihvdag6r12one0gmvr4.apps.googleusercontent.com",
          "client_type": 1,
          "android_info": {
            "package_name": "com.apps.kunalfarmah.realtimetictactoe",
            "certificate_hash": "16dbd98ff40e0e810ca1a458d25b860c667a5132"
          }
        },
        {
          "client_id": "726859166683-afkb9q4s5qbk5oegkhmf4v62k4ctk9vr.apps.googleusercontent.com",
          "client_type": 3
        }
      ],
      "api_key": [
        {
          "current_key": "AIzaSyD8vdqstL2gb6ONCcSJTM67Hz8wC31dOiw"
        }
      ],
      "services": {
        "appinvite_service": {
          "other_platform_oauth_client": [
            {
              "client_id": "726859166683-afkb9q4s5qbk5oegkhmf4v62k4ctk9vr.apps.googleusercontent.com",
              "client_type": 3
            }
          ]
        }
      }
    }
  ],
  "configuration_version": "1"
}